Completed,Vmware Backup,jh,jh,testsc_2,8364
Completed,Vmware Backup,jh,jh,testsc_1,32643
Completed,Vmware Backup,jh,jh,testsc_4,32613
Suspended,Vmware Backup,jh,jh,testsc_3,19626
Completed,Vmware Backup,jh,jh,testsc_2,76
Completed,Vmware Backup,jh,jh,testsc_1,18296
Completed,Vmware Backup,jh,jh,testsc_4,12125
Completed,Vmware Backup,jh,jh,testsc_3,29978
Completed,Vmware Backup,jh,jh,testsc_2,2041
Completed,Vmware Backup,jh,jh,testsc_1,6786
Completed,Vmware Backup,jh,jh,testsc_4,8443
Completed,Vmware Backup,jh,jh,testsc_3,15277
Completed,Vmware Backup,jh,jh,testsc_2,4963
Completed,Vmware Backup,jh,jh,testsc_1,14201
Completed,Vmware Backup,jh,jh,testsc_4,117
Completed,Vmware Backup,jh,jh,testsc_3,30220
Completed,Vmware Backup,jh,jh,testsc_2,15826
Completed,Vmware Backup,jh,jh,testsc_1,4087
Completed,Vmware Backup,jh,jh,testsc_4,23863
Completed,Vmware Backup,jh,jh,testsc_3,28100
Partially Completed,Vmware Backup,jh,jh,testsc_2,8350
Completed,Vmware Backup,jh,jh,testsc_1,15579
Completed,Vmware Backup,jh,jh,testsc_4,15454
Completed,Vmware Backup,jh,jh,testsc_3,22723
Completed,Vmware Backup,jh,jh,testsc_2,25012
Completed,Vmware Backup,jh,jh,testsc_1,712
Completed,Vmware Backup,jh,jh,testsc_4,31549
Completed,Vmware Backup,jh,jh,testsc_3,25055
Completed,Vmware Backup,jh,jh,testsc_2,4632
Completed,Vmware Backup,jh,jh,testsc_1,26278
Completed,Vmware Backup,jh,jh,testsc_4,476
Completed,Vmware Backup,jh,jh,testsc_3,16719
Completed,Vmware Backup,jh,jh,testsc_2,23645
Completed,Vmware Backup,jh,jh,testsc_1,21024
Completed,Vmware Backup,jh,jh,testsc_4,17780
Completed,Vmware Backup,jh,jh,testsc_3,25904
Completed,Vmware Backup,jh,jh,testsc_2,814
Suspended,Vmware Backup,jh,jh,testsc_1,18469
Completed,Vmware Backup,jh,jh,testsc_4,6901
Completed,Vmware Backup,jh,jh,testsc_3,10753
Completed,Vmware Backup,jh,jh,testsc_2,12233
Completed,Vmware Backup,jh,jh,testsc_1,10600
Completed,Vmware Backup,jh,jh,testsc_4,22912
Completed,Vmware Backup,jh,jh,testsc_3,8999
Completed,Vmware Backup,jh,jh,testsc_2,4223
Completed,Vmware Backup,jh,jh,testsc_1,2272
Partially Completed,Vmware Backup,jh,jh,testsc_4,19692
Completed,Vmware Backup,jh,jh,testsc_3,29546
Completed,Vmware Backup,jh,jh,testsc_2,18230
Completed,Vmware Backup,jh,jh,testsc_1,4168
Completed,Vmware Backup,jh,jh,testsc_4,30789
Completed,Vmware Backup,jh,jh,testsc_3,13686
Completed,Vmware Backup,jh,jh,testsc_2,10215
Completed,Vmware Backup,jh,jh,testsc_1,29856
Completed,Vmware Backup,jh,jh,testsc_4,10313
Completed,Vmware Backup,jh,jh,testsc_3,29788
Completed,Vmware Backup,jh,jh,testsc_2,18208
Completed,Vmware Backup,jh,jh,testsc_1,31402
Completed,Vmware Backup,jh,jh,testsc_4,21994
Completed,Vmware Backup,jh,jh,testsc_3,13326
Completed,Vmware Backup,jh,jh,testsc_2,22658
Completed,Vmware Backup,jh,jh,testsc_1,2926
Completed,Vmware Backup,jh,jh,testsc_4,22735
Completed,Vmware Backup,jh,jh,testsc_3,2534
Completed,Vmware Backup,jh,jh,testsc_2,23876
Completed,Vmware Backup,jh,jh,testsc_1,22710
Completed,Vmware Backup,jh,jh,testsc_4,27090
Completed,Vmware Backup,jh,jh,testsc_3,17696
Completed,Vmware Backup,jh,jh,testsc_2,8878
Completed,Vmware Backup,jh,jh,testsc_1,4498
Completed,Vmware Backup,jh,jh,testsc_4,30083
Completed,Vmware Backup,jh,jh,testsc_3,10075
Completed,Vmware Backup,jh,jh,testsc_2,4255
Completed,Vmware Backup,jh,jh,testsc_1,9942
Completed,Vmware Backup,jh,jh,testsc_4,16036
Completed,Vmware Backup,jh,jh,testsc_3,11548
Completed,Vmware Backup,jh,jh,testsc_2,18440
Failed,Vmware Backup,jh,jh,testsc_1,8087
Completed,Vmware Backup,jh,jh,testsc_4,20651
Suspended,Vmware Backup,jh,jh,testsc_3,26187
Completed,Vmware Backup,jh,jh,testsc_2,4463
Completed,Vmware Backup,jh,jh,testsc_1,32178
Completed,Vmware Backup,jh,jh,testsc_4,16963
Completed,Vmware Backup,jh,jh,testsc_3,24243
Completed,Vmware Backup,jh,jh,testsc_2,7021
Completed,Vmware Backup,jh,jh,testsc_1,12869
Canceled,Vmware Backup,jh,jh,testsc_4,18379
Completed,Vmware Backup,jh,jh,testsc_3,5767
Completed,Vmware Backup,jh,jh,testsc_2,2352
Completed,Vmware Backup,jh,jh,testsc_1,8756
Completed,Vmware Backup,jh,jh,testsc_4,5590
Completed,Vmware Backup,jh,jh,testsc_3,2776
Completed,Vmware Backup,jh,jh,testsc_2,20730
Completed,Vmware Backup,jh,jh,testsc_1,15013
Completed,Vmware Backup,jh,jh,testsc_4,5033
Completed,Vmware Backup,jh,jh,testsc_3,20000
Completed,Vmware Backup,jh,jh,testsc_2,27296
Completed,Vmware Backup,jh,jh,testsc_1,5508
Completed,Vmware Backup,jh,jh,testsc_4,24000
Completed,Vmware Backup,jh,jh,testsc_3,12474
